dataset,codec,setting,raw_bytes,bytes,ratio,reduction_percent,encode_wall_ms_median,encode_wall_ms_p95,encode_wall_ms_min,encode_wall_ms_max,encode_wall_ms_stdev,encode_wall_ms_n,encode_cpu_ms_median,encode_cpu_ms_p95,encode_cpu_ms_min,encode_cpu_ms_max,encode_cpu_ms_stdev,encode_cpu_ms_n,decode_wall_ms_median,decode_wall_ms_p95,decode_wall_ms_min,decode_wall_ms_max,decode_wall_ms_stdev,decode_wall_ms_n,decode_cpu_ms_median,decode_cpu_ms_p95,decode_cpu_ms_min,decode_cpu_ms_max,decode_cpu_ms_stdev,decode_cpu_ms_n
376,gzip,1,306370,13794,0.04502399059960179,95.49760094003982,0.8537164903827943,0.8713679999345914,0.8285829972010106,0.8722060010768473,0.008814180850608061,20,0.8539270000000876,0.8716390000000906,0.8288080000000697,0.8727730000002154,0.008852061558094084,20,0.25924999499693513,0.2624059998197481,0.25728899345267564,0.26589799381326884,0.0019968674177834123,20,0.2594934999999854,0.26266099999983084,0.25754799999999634,0.26620100000007696,0.002001257964386608,20
376,gzip,6,306370,11474,0.037451447596044,96.2548552403956,2.012898497923743,2.03722900187131,2.009296993492171,2.0685530034825206,0.013251687158644549,20,2.0131325000001254,2.037915000000279,2.0096089999999123,2.069296000000165,0.013380486080898193,20,0.24178150488296524,0.2590749936643988,0.23717500152997673,0.2663909981492907,0.007158582546984053,20,0.24202249999993874,0.2598520000001159,0.2374060000001066,0.2607229999997962,0.006379178144538225,20
376,gzip,9,306370,11351,0.03704997225576917,96.29500277442308,3.9733869998599403,4.0113959985319525,3.8608699978794903,4.032818003906868,0.03774616470223485,20,3.973572999999897,4.011601000000198,3.8610720000002985,4.033305000000098,0.037769320868793484,20,0.2301735003129579,0.24390200269408524,0.22567799896933138,0.2468799939379096,0.0052387009263477015,20,0.2303914999999268,0.24420299999983186,0.2258939999997267,0.2471389999998408,0.005255990633566938,20
376,brotli,4,306370,8014,0.026157913633841432,97.38420863661585,1.0594564955681562,1.078084998880513,1.0268159967381507,1.0859559988602996,0.01721500662171394,20,1.0599424999999663,1.0788960000001069,1.0272570000000592,1.0864160000001455,0.017240219765060554,20,0.14015299530001357,0.150956999277696,0.1386849908158183,0.15536299906671047,0.0041798865248107,20,0.14072999999981128,0.15130799999996114,0.1389359999999229,0.15560399999969832,0.004263114939750369,20
376,brotli,6,306370,7503,0.024489995756764697,97.55100042432353,2.07137200050056,2.075750002404675,2.0680180023191497,2.1247999975457788,0.011829641630107367,20,2.071837499999951,2.076251999999723,2.0685549999996944,2.1252089999999058,0.011815233417057933,20,0.13793599646305665,0.14272899716161191,0.13645899889525026,0.14275799912866205,0.001916752492816209,20,0.13817899999990502,0.1429869999998168,0.13669200000032689,0.1430159999999958,0.0019244431109542782,20
376,brotli,9,306370,7477,0.02440513105069034,97.55948689493097,11.963575991103426,12.059127999236807,11.872083996422589,12.83484599844087,0.19294821671158818,20,11.96602350000009,12.06121999999965,11.874408999999808,12.837473000000266,0.1930159758446592,20,0.13558250066125765,0.14825499965809286,0.13175200729165226,0.15253800665959716,0.0055040012951029366,20,0.13582750000007415,0.14858599999989508,0.13200999999973817,0.15285700000022828,0.00551000759777847,20
1000,gzip,1,653317,22281,0.03410442403917241,96.58955759608277,1.6361755042453296,1.6794469993328676,1.610929990420118,1.6943740047281608,0.029319600678494748,20,1.6364485000011086,1.6797259999989933,1.611192000000372,1.6946299999993641,0.02932493118674498,20,0.4718845011666417,0.4908720002276823,0.458886002888903,0.49759799730964005,0.008729809543466029,20,0.4721164999992311,0.4911120000006264,0.45912299999884,0.4978549999989923,0.008731713754485308,20
1000,gzip,6,653317,18173,0.027816511739324094,97.2183488260676,3.8241509973886423,3.8967190048424527,3.7582899967674166,3.9106170006562024,0.055297242333098226,20,3.824373999999686,3.896988999999351,3.7585089999989663,3.910873000000592,0.05527400474379188,20,0.4405894942465238,0.45923900324851274,0.4292999947210774,0.4688100016210228,0.009104352365905377,20,0.4408485000002571,0.4594419999985888,0.42953900000064493,0.4690589999984951,0.009099723333034026,20
1000,gzip,9,653317,17926,0.027438441063067393,97.25615589369326,8.18343350692885,8.233382002799772,8.128082001348957,8.246604003943503,0.028329025705946594,20,8.183665999999867,8.233863000000952,8.128320000000855,8.24678300000059,0.028350276302524253,20,0.42637900332920253,0.4484639939619228,0.40163200173992664,0.4504509997786954,0.011838164225533486,20,0.42661099999996566,0.4487209999997077,0.40185100000122986,0.4507340000010629,0.011851380697791578,20
1000,brotli,4,653317,10339,0.01582539563489087,98.41746043651092,1.799510995624587,1.8086759955622256,1.7921640101121739,1.8538759904913604,0.012452475712306366,20,1.7999485000004256,1.809158000000366,1.7926339999991825,1.8543620000013306,0.01240589410393731,20,0.22767650079913437,0.2307940012542531,0.22549399000126868,0.23160700220614672,0.0017050449355331956,20,0.22796549999970495,0.23105500000042412,0.22577500000053874,0.23189999999928546,0.0017077981553603745,20
1000,brotli,6,653317,9798,0.014997313708352913,98.50026862916471,3.894434994435869,3.9992240053834394,3.8597499951720238,4.0022780012805015,0.04225234670275203,20,3.8949595000001835,4.000006000000056,3.8603259999998585,4.003111999999476,0.04231004284270177,20,0.23514950589742512,0.23918999067973346,0.21928299975115806,0.24220399791374803,0.006506894488528423,20,0.2354379999998102,0.2414659999985247,0.21952800000057948,0.24261999999986017,0.006736344596763554,20
1000,brotli,9,653317,9785,0.014977415251707824,98.50225847482922,16.50724999490194,16.701483997167088,16.35568200435955,16.734991004341282,0.11470115721711845,20,16.509683500000705,16.703893999999053,16.358009999999368,16.73807799999949,0.11477973409902253,20,0.22296799579635262,0.24074999964796007,0.2192659885622561,0.2421429962851107,0.0069377070526243775,20,0.22325950000112726,0.2410279999995879,0.21952699999872038,0.24247300000013183,0.0069481088929858265,20
5000,gzip,1,2889309,73583,0.02546733492333288,97.45326650766671,5.6012484928942285,5.648872000165284,5.586486993706785,5.734124992159195,0.03343214450098019,20,5.601475499997122,5.649181999999087,5.586716999999908,5.734408999998664,0.033382280107206945,20,1.5222595029626973,1.5521950117545202,1.4757930039195344,1.5564269997412339,0.02206430115699216,20,1.5228869999965866,1.5528939999995828,1.4762839999988842,1.5573910000057367,0.022128420215872215,20
5000,gzip,6,2889309,58385,0.020207253706682117,97.9792746293318,12.873820502136368,12.941132998093963,12.788086998625658,13.049176006461494,0.05525308951386363,20,12.874051499998984,12.941587000000254,12.788323000002322,13.049447000000214,0.05526589394044228,20,1.4328039978863671,1.4999320119386539,1.383449009153992,1.5046099870232865,0.031095359769815856,20,1.4333690000007948,1.5004999999987945,1.3840780000009545,1.5051210000009974,0.030745377026887174,20
5000,gzip,9,2889309,57466,0.019889184576658295,98.01108154233417,27.357017497706693,27.933442004723474,26.821778010344133,28.098916009184904,0.3687286077093293,20,27.357126500000106,27.927595000001304,26.82190599999501,28.09954300000328,0.36795890788321917,20,1.4116900056251325,1.4615940017392859,1.380630987114273,1.4698339946335182,0.023143986633725595,20,1.4122605000004285,1.4625049999992257,1.3811059999966346,1.4707360000016934,0.02324880766956196,20
5000,brotli,4,2889309,25792,0.008926701851549973,99.107329814845,6.265903502935544,6.752072993549518,6.123155006207526,6.794020999222994,0.17500498901147105,20,6.26787050000388,6.755221999995342,6.124792999997908,6.795957000001351,0.1752375517344555,20,0.7674014996155165,0.9254839969798923,0.6681939994450659,0.9700899972813204,0.08842653215164575,20,0.7692509999976949,0.9283629999998766,0.6696729999973172,0.9727870000020289,0.0886813463926728,20
5000,brotli,6,2889309,26414,0.009141978237703201,99.08580217622968,15.246862996718846,15.44900999579113,14.909771998645738,15.788254997460172,0.17363813150840357,20,15.248484499998938,15.450407999999527,14.91151999999829,15.789955000002465,0.173773521586472,20,0.8233745029428974,0.8625920017948374,0.7812249968992546,0.8825049881124869,0.03415802626153018,20,0.8248835000017607,0.8637279999987868,0.7821479999989833,0.8838729999993689,0.034357195040773676,20
5000,brotli,9,2889309,24266,0.008398547888093659,99.16014521119064,34.0906885030563,36.14991399808787,33.63855299539864,36.32396199100185,0.703225757169329,20,34.093021000000334,36.15201199999518,33.64046999999459,36.321888999999885,0.7029047601412934,20,0.8152000009431504,0.8456340001430362,0.761265997425653,0.855645994306542,0.031550724228923376,20,0.8169230000021344,0.8431669999993119,0.7621489999962705,0.8574000000010074,0.031230921273761675,20
10000,gzip,1,5684312,136750,0.02405744090049948,97.59425590995005,12.450447997252923,12.52216899592895,12.332570011494681,12.551413994515315,0.046683599277359225,20,12.450936500002285,12.522902000000613,12.33376199999725,12.552170000006413,0.04661040285162558,20,3.4721609990810975,3.5103580012219027,3.387976990779862,3.5320019960636273,0.0367148410399505,20,3.4733789999989995,3.511461000002214,3.389015999999856,3.533219000004806,0.036720578967496635,20
10000,gzip,6,5684312,108916,0.019160806092276425,98.08391939077235,28.127336998295505,28.22923999337945,27.830705002998002,28.232422002474777,0.12057379612756611,20,28.127881999999715,28.22634800000401,27.831233000000566,28.232903000002807,0.12090087714500959,20,3.3080014982260764,3.3437280071666464,3.2269989897031337,3.3977580023929477,0.04493535539724566,20,3.3091185000060364,3.3448470000081443,3.2283569999975725,3.399190999999746,0.044969501039579036,20
10000,gzip,9,5684312,107179,0.018855228214074104,98.11447717859258,59.134328992513474,65.12687299982645,57.6564579969272,65.8007029996952,2.4058425361859563,20,59.13556950000043,65.12770499999476,57.657216000009726,65.80183299999476,2.4081714030937453,20,3.6280445056036115,3.745114998309873,3.545112005667761,3.80569499975536,0.053857161857600755,20,3.6290700000023435,3.7466249999908996,3.5464910000087,3.807379000008382,0.05395323963398082,20
10000,brotli,4,5684312,43033,0.007570485223189719,99.24295147768103,15.235888997267466,15.545205998932943,14.96925498940982,15.594066004268825,0.19187222919105473,20,15.238174000003823,15.547737999995093,14.971262000003094,15.59677100000556,0.1918459320394129,20,1.7910410024342127,1.9056059973081574,1.764783010003157,2.065135005977936,0.06695014303489812,20,1.7928594999929715,1.9069110000060618,1.766503000013131,2.066267999992988,0.06683104968227094,20
10000,brotli,6,5684312,47811,0.008411044291727829,99.15889557082723,38.906731497263536,39.160941989393905,38.66532399842981,39.36812898609787,0.18135515825351634,20,38.90935200000456,39.1632980000054,38.66808600000127,39.37097399999345,0.182214442921301,20,1.925668002513703,1.9774889951804653,1.8701749941101298,2.0345349912531674,0.033685281429878006,20,1.9270599999998694,1.978913999991505,1.8713030000014896,2.0357559999979458,0.033676760265107436,20
10000,brotli,9,5684312,41392,0.0072817959323837255,99.27182040676162,64.70208450627979,64.94350799766835,64.242861000821,65.12615599785931,0.1844911853600904,20,64.70451800000632,64.8754780000047,64.24520800000266,65.12866799999983,0.179694701213651,20,1.9497954926919192,2.0917869987897575,1.9030359981115907,2.1086570050101727,0.055896804098692174,20,1.9511975000057191,2.093086000002131,1.9045429999948738,2.1109710000075665,0.056016072384280295,20
heavy600,gzip,1,1696801,69075,0.040708957620840626,95.92910423791594,4.07559049926931,4.214465006953105,4.005318012787029,4.347281996160746,0.07343417127548593,20,4.07585899999674,4.214730000001055,4.005788999990045,4.34751000000233,0.07436386234157132,20,1.0858695095521398,1.1385659890947863,1.0437720047775656,1.1526229936862364,0.026957328597177872,20,1.0862429999960455,1.1389739999998483,1.044046000004073,1.1530919999955813,0.02708832258976284,20
heavy600,gzip,6,1696801,61453,0.03621697535538935,96.37830246446106,9.003596504044253,9.304794002673589,8.824350996292196,9.393924003234133,0.12909757530220048,20,9.003879999994524,9.305087999990747,8.8245459999996,9.394403999991141,0.12913938173677084,20,1.037147500028368,1.1118550028186291,1.01120000181254,1.284739002585411,0.057392538829277924,20,1.0374495000036177,1.1125460000016574,1.0115239999919368,1.2851930000010725,0.05744968589688065,20
heavy600,gzip,9,1696801,61210,0.036073764690143395,96.39262353098566,15.208887998596765,15.62945700425189,14.510015986161307,15.851199001190253,0.3456786139554704,20,15.209179500004666,15.62993399998902,14.510259999994446,15.851453999999876,0.3455861112621559,20,1.0310159923392348,1.058677997207269,1.0060680069727823,1.0703569860197604,0.01747862509579047,20,1.031266500000072,1.0589530000117975,1.0063240000022233,1.0710019999891074,0.017525504051368494,20
heavy600,brotli,4,1696801,31976,0.01884487338232356,98.11551266176764,4.056177502206992,4.38063898764085,3.9745899994159117,4.452202992979437,0.12414104538349391,20,4.058626999992043,4.3838120000003755,3.977886000001263,4.455075999999281,0.12415089411598007,20,0.4449914995348081,0.46228599967435,0.43468098738230765,0.47365300997626036,0.01041668131842998,20,0.44546499999853495,0.46274999999695865,0.4350100000038992,0.4742710000016359,0.010491926146771129,20
heavy600,brotli,6,1696801,27606,0.016269438785102085,98.37305612148978,8.500793999701273,8.689826005138457,8.377481994102709,8.749618995352648,0.10261128993645048,20,8.502393000000552,8.692093999997041,8.379043000005026,8.751873000008459,0.10275188267036899,20,0.5573259986704215,0.6289570010267198,0.5056749942013994,0.6418779958039522,0.037837143001725436,20,0.5578325000001882,0.6300449999940838,0.5059810000034304,0.6424019999968777,0.03794136594822368,20
heavy600,brotli,9,1696801,27542,0.01623172074981097,98.3768279250189,14.644815506471787,15.078812997671776,14.259998992201872,15.78781398711726,0.33960073578708116,20,14.64657900000077,15.080538999995952,14.261403000006112,15.789440999995463,0.33969136229477354,20,0.5231099930824712,0.5502419953700155,0.5092680075904354,0.5614209949271753,0.014527673174384373,20,0.5236205000045402,0.5506010000004835,0.5095750000094768,0.5620120000031648,0.014599678571075058,20
varied10000,gzip,1,6180091,641459,0.10379442632802656,89.62055736719734,23.557444495963864,23.699241995927878,23.489525003242306,23.76670499506872,0.07848059794739932,20,23.55819550000149,23.700596999987056,23.4905769999898,23.767681999999013,0.07660561465898343,20,7.352957509283442,7.485994006856345,7.238706006319262,7.542722989455797,0.07962644583602156,20,7.3542224999840755,7.487829999973883,7.239725999994562,7.543387999987772,0.07966797792812098,20
varied10000,gzip,6,6180091,568847,0.09204508477302357,90.79549152269765,48.536732501816005,48.729343005106784,48.44671399041545,48.75345100299455,0.08364829621365472,20,48.537981500004435,48.68106200001421,48.447491999979775,48.730329999983724,0.07501000907873312,20,6.9243469988578,7.025703002000228,6.68446600320749,7.059207011479884,0.09906099808583663,20,6.925567500005059,7.02668900001413,6.685527999991336,7.0603080000068985,0.099091384267383,20
varied10000,gzip,9,6180091,566044,0.09159153158100747,90.84084684189926,73.09473749774043,73.72554899484385,72.29925699357409,73.7868830037769,0.45429553158723585,20,73.09229800000594,73.72620900000015,72.2941129999981,73.78803000000289,0.4561173134398385,20,6.96184750268003,7.189245996414684,6.583534006495029,7.761749991914257,0.22153232368551937,20,6.963183500005243,7.190519999994649,6.584687999975358,7.752442999986897,0.21978310565072462,20
varied10000,brotli,4,6180091,477248,0.07722345836007917,92.27765416399208,32.5491680050618,33.48538100544829,32.31333701114636,33.497969998279586,0.3507188362319579,20,32.55128349999836,33.42675499999359,32.31130500000745,33.487673999985645,0.34277993474243157,20,4.215303502860479,4.332023003371432,4.112875001737848,4.3374250089982525,0.07044667269240233,20,4.218252999976357,4.334312999986878,4.114630000003672,4.339298000019198,0.07061751232818975,20
varied10000,brotli,6,6180091,511774,0.0828101074887085,91.71898925112914,94.45586749643553,95.69874999579042,93.38735599885695,95.83578999445308,0.5696573408879206,20,94.42426700000794,95.70088500001361,93.38945299998613,95.83811600001013,0.5653486317687083,20,6.737492003594525,6.974313000682741,6.567946998984553,7.0866440073587,0.1189139807301355,20,6.7388549999947145,6.975677000014002,6.569531999986111,7.087811000019428,0.1190013916296628,20
varied10000,brotli,9,6180091,512360,0.08290492809895518,91.70950719010447,190.78575450112112,195.80215400492307,187.65460600843653,200.9192360128509,3.0018580701530375,20,190.78696900000125,195.80314899999962,187.65599300002123,200.90476299998272,3.000354374418796,20,6.813897998654284,7.122289011022076,6.512372012366541,7.380374998319894,0.16761405729215073,20,6.815111000008756,7.123771000010493,6.513783999992029,7.381948000016791,0.16785756630563528,20
